﻿Designator,Footprint,Quantity,Value,LCSC Part #
"A1, A2, A3, A4",Pololu_Breakout-16_15.2x20.3mm,4,Pololu_Breakout_A4988,
"C1, C2, C3, C8, C9",CP_Radial_D8.0mm_P3.50mm,5,100µ,
"C10, C11, C14",1206,3,22u,
"C12, C13",1206,2,1u,
C4,1206,1,22uF,
"C5, C6",0805,2,100nF,
C7,1206,1,100n,
F1,FUSE_0154004.DR,1,Fuse,
"H1, H2, H3, H4",MountingHole_3.2mm_M3_Pad_Via,4,MountingHole_Pad,
"J1, J10, J4",PinHeader_1x08_P2.54mm_Vertical,3,Conn_01x08_Pin,
J11,PinHeader_1x04_P2.54mm_Vertical,1,Conn_01x04_Pin,
J15,JST_XH_B2B-XH-A_1x02_P2.50mm_Vertical,1,Conn_01x02,
"J17, J19, J22, J3",JST_XH_B4B-XH-A_1x04_P2.50mm_Vertical,4,Conn_01x04_Pin,
J2,CUI_TBP01R1-508-02BE,1,Conn_01x02,
J5,JST_XH_B3B-XH-A_1x03_P2.50mm_Vertical,1,Conn_01x03,
"J6, J7, J8",PinHeader_1x07_P2.54mm_Vertical,3,Conn_01x07_Pin,
J9,PinHeader_1x01_P2.54mm_Vertical,1,Conn_01x01_Pin,
"JP1, JP10, JP13, JP14, JP15, JP2, JP3, JP4, JP5, JP6, JP7, JP8, JP9",SolderJumper-2_P1.3mm_Open_TrianglePad1.0x1.5mm,13,Jumper_2_Open,
L2,L_Coilcraft_XAL6030-XXX,1,3.3uH,
R1,1206,1,10,
R2,1206,1,100k,
R3,1206,1,13.7k,
TP1,TestPoint_Bridge_Pitch2.0mm_Drill0.7mm,1,TestPoint,
U1,MODULE_MEGA_PRO_EMBED_CH340G___ATMEGA2560,1,MEGA_PRO_EMBED_CH340G___ATMEGA2560,
U2,U_Wurth_MagIC-FDSM_173010x42,1,173010542,
U3,TSOT-23-8,1,MP2236CGJ-P,
U4,Texas_HTSOP-8-1EP_3.9x4.9mm_P1.27mm_EP2.95x4.9mm_Mask2.4x3.1mm_ThermalVias,1,DRV8870DDA,
