﻿Designator,Footprint,Quantity,Value,LCSC Part #
"A1, A2, A3, A4",Pololu_Breakout-16_15.2x20.3mm,4,Pololu_Breakout_A4988,
"C1, C2, C8, C9",CP_Radial_D8.0mm_P3.50mm,4,100µ,
"C5, C6",0805,2,100nF,
D1,D_SOD-123,1,D_Zener,
D5,D_SOD-123,1,D,
F1,FUSE_0154004.DR,1,Fuse,
"H1, H2, H3, H4",MountingHole_3.2mm_M3_Pad_Via,4,MountingHole_Pad,
"J1, J4",PinHeader_1x08_P2.54mm_Vertical,2,Conn_01x08_Pin,
J11,PinHeader_1x04_P2.54mm_Vertical,1,Conn_01x04_Pin,
J15,JST_XH_B2B-XH-A_1x02_P2.50mm_Vertical,1,Conn_01x02,
"J17, J19, J22, J3",JST_XH_B4B-XH-A_1x04_P2.50mm_Vertical,4,Conn_01x04_Pin,
J2,CUI_TBP01R1-508-02BE,1,Conn_01x02,
J24,JST_XH_B2B-XH-A_1x02_P2.50mm_Vertical,1,Conn_01x02_Pin,
J5,JST_XH_B3B-XH-A_1x03_P2.50mm_Vertical,1,Conn_01x03,
"J6, J7, J8",PinHeader_1x07_P2.54mm_Vertical,3,Conn_01x07_Pin,
J9,PinHeader_1x01_P2.54mm_Vertical,1,Conn_01x01_Pin,
"JP1, JP11, JP12, JP13, JP14, JP15, JP2, JP23, JP24, JP3, JP4, JP5, JP6, JP7, JP8, JP9",SolderJumper-2_P1.3mm_Open_TrianglePad1.0x1.5mm,16,Jumper_2_Open,
PS1,TEL151211,1,TEL_15-2411,
Q1,TO-252-2,1,Q_NMOS_GDS,
Q4,TO-252-2,1,QM6006D,
R1,0805,1,56k,
R11,0805,1,100k,
"R6, R7",0805,2,10k,
TP1,TestPoint_Bridge_Pitch2.0mm_Drill0.7mm,1,TestPoint,
U1,MODULE_MEGA_PRO_EMBED_CH340G___ATMEGA2560,1,MEGA_PRO_EMBED_CH340G___ATMEGA2560,
U7,Diodes_SO-8EP,1,ZXBM5210-SP,
